{"bbox_matrix":[[100,-26.805555555555554,0],[0,89.86111111111113,0],[100,-12.5,0],[0,93.19444444444446,0]],"native_resolution":[1280,720]}