{"bbox_matrix":[[100,-40,0],[0,80.83333333333334,0],[100,-33.47222222222222,0],[0,84.02777777777779,0]],"native_resolution":[1280,720]}