{"bbox_matrix":[[100,-39.166666666666664,0],[0,80.41666666666667,0],[100,-33.47222222222222,0],[0,84.16666666666667,0]],"native_resolution":[1280,720]}