{
    "基础作战记录": 0.7718918936682287,
    "轻锰矿": 29.307276432867614,
    "糖组": 21.932302812809493,
    "异铁": 7.064841024981952,
    "异铁碎片": 2.33404134389117,
    "炽合金": 23.772224026072262,
    "中级作战记录": 3.859459460520299,
    "糖": 5.5388602174776,
    "异铁组": 28.036226040696505,
    "代糖": 1.8253810741749883,
    "初级作战记录": 1.5437837870744189,
    "研磨石": 30.419302005507916,
    "扭转醇": 24.363198051409398,
    "固源岩组": 15.756412008702556,
    "凝胶": 32.18528364358603,
    "RMA70-12": 36.987589315478445,
    "酮凝集组": 27.409285580935215,
    "全新装置": 36.99114391394586,
    "聚酸酯组": 21.00144822871709,
    "双酮": 2.2817963055135464,
    "酯原料": 1.7478098585194912,
    "酮凝集": 6.908105912189393,
    "聚酸酯": 5.3061465729056145,
    "糖聚块": 97.75960153336526,
    "装置": 9.303570578681558,
    "破损装置": 3.0802845444185247,
    "固源岩": 3.1959100118617396,
    "源岩": 1.0443976791864418,
    "赤金": 1.5437838162236994,
    "白马醇": 79.8345836599277,
    "晶体元件": 20.241677527378403,
    "RMA70-24": 92.46119237892967,
    "提纯源岩": 59.57714151064372,
    "酮阵列": 102.6096438816565,
    "五水研磨石": 91.99816542789463,
    "三水锰矿": 100.53069260967553,
    "聚合凝胶": 80.54522716983303,
    "晶体电路": 92.99235612758024,
    "聚酸酯块": 90.32687353182601,
    "狙击芯片组": 39.99542339848152,
    "术师芯片组": 28.548576414340996,
    "狙击芯片": 19.997710602534923,
    "术师芯片": 14.27428916702361,
    "高级作战记录": 7.718918912516128,
    "异铁块": 110.61653769470927,
    "重装芯片组": 39.99541506025064,
    "医疗芯片组": 28.548584699176356,
    "重装芯片": 19.99771033241514,
    "医疗芯片": 14.274289358045719,
    "改量装置": 95.47476341006183,
    "近卫芯片组": 39.995423726920485,
    "特种芯片组": 28.54857612100879,
    "近卫芯片": 19.99771162405982,
    "特种芯片": 14.274288183079587,
    "炽合金块": 87.73416340430386,
    "先锋芯片": 14.274289494035845,
    "辅助芯片": 19.99771017587244,
    "先锋芯片组": 34.27359420570707,
    "辅助芯片组": 34.27040551850871,
    "碳素组": 6.863419738619972,
    "碳素": 4.282573058578926,
    "碳": 1.701725971761261,
    "技巧概要·卷3": 10.114410661876247,
    "技巧概要·卷2": 3.978334864792505,
    "技巧概要·卷1": 1.5648117183535033,
    "D32钢": 270.48264258844654,
    "双极纳米片": 240.63652290919248,
    "聚合剂": 258.29591525948155,
    "经验": 0.0038594595230742176,
    "龙门币": 0.00400000006616342,
    "家具零件": 0.5871426618838579,
    "先锋双芯片": 192.23367380901428,
    "近卫双芯片": 203.67733330365243,
    "重装双芯片": 203.6773155183587,
    "狙击双芯片": 203.6773325175776,
    "术师双芯片": 180.78363822604035,
    "医疗双芯片": 180.78365494653727,
    "辅助双芯片": 192.2272961828777,
    "特种双芯片": 180.78363779030934,
    "采购凭证": 1.3599999962385736,
    "寻访凭证": 450.0,
    "芯片助剂": 122.39999966147163,
    "招聘许可": 19.262280078591903,
    "合成玉": 0.75,
    "晶体电子单元": 327.3095659227079,
    "先锋皇家信物": 2719.9999924771473
}